User ID,Preferred_Province,User_Segment,activity_level
USER-A1,2,1,1.0
USER-A10,2,1,1.0
USER-A100,2,1,2.0
USER-A1000,2,1,1.0
USER-A1001,2,1,1.0
USER-A1002,2,1,1.0
USER-A1003,2,1,1.0
USER-A1004,2,1,1.0
USER-A1005,2,1,1.0
USER-A1006,2,1,2.0
USER-A1007,2,1,1.0
USER-A1008,2,1,1.0
USER-A1009,2,1,1.0
USER-A101,2,1,1.0
USER-A1010,2,1,1.0
USER-A1011,2,1,1.0
USER-A1012,2,1,1.0
USER-A1013,2,1,1.0
USER-A1014,2,1,1.0
USER-A1015,2,1,1.0
USER-A1016,2,1,1.0
USER-A1017,6,1,1.0
USER-A1018,6,1,1.0
USER-A1019,6,1,1.0
USER-A102,5,1,1.0
USER-A1020,1,1,2.0
USER-A1021,6,1,1.0
USER-A1022,6,1,1.0
USER-A1023,6,1,2.0
USER-A1024,6,1,1.0
USER-A1025,6,1,1.0
USER-A1026,6,1,1.0
USER-A1027,6,1,1.0
USER-A1028,6,1,1.0
USER-A1029,6,1,1.0
USER-A103,5,1,1.0
USER-A1030,6,1,1.0
USER-A1031,6,1,1.0
USER-A1032,6,1,1.0
USER-A1033,6,1,1.0
USER-A1034,6,1,1.0
USER-A1035,6,1,1.0
USER-A1036,6,1,1.0
USER-A1037,6,1,1.0
USER-A1038,6,1,1.0
USER-A1039,6,1,1.0
USER-A104,2,0,7.0
USER-A1040,6,1,1.0
USER-A1041,6,1,1.0
USER-A1042,6,1,1.0
USER-A1043,6,1,1.0
USER-A1044,6,1,1.0
USER-A1045,6,1,1.0
USER-A1046,6,1,1.0
USER-A1047,6,1,1.0
USER-A1048,6,1,1.0
USER-A1049,6,1,1.0
USER-A105,5,1,1.0
USER-A1050,6,1,1.0
USER-A1051,6,1,1.0
USER-A1052,6,1,1.0
USER-A1053,6,1,1.0
USER-A1054,6,1,1.0
USER-A1055,6,1,1.0
USER-A106,3,1,2.0
USER-A1064,7,1,2.0
USER-A107,5,1,1.0
USER-A1071,3,1,1.0
USER-A1072,3,1,2.0
USER-A1073,3,1,2.0
USER-A1074,3,1,2.0
USER-A1075,3,1,1.0
USER-A1076,3,1,1.0
USER-A1077,3,1,1.0
USER-A1078,3,1,1.0
USER-A1079,3,1,1.0
USER-A108,5,1,1.0
USER-A1080,3,1,1.0
USER-A1081,3,1,1.0
USER-A1082,3,1,1.0
USER-A1083,6,1,2.0
USER-A1084,6,1,1.0
USER-A1085,6,1,1.0
USER-A1086,6,1,1.0
USER-A1087,6,1,1.0
USER-A1088,6,1,1.0
USER-A1089,6,1,1.0
USER-A109,2,1,2.0
USER-A1090,6,1,1.0
USER-A1091,6,1,1.0
USER-A1092,6,1,1.0
USER-A1093,6,1,1.0
USER-A1094,6,1,1.0
USER-A1095,6,1,1.0
USER-A1096,6,1,2.0
USER-A1097,6,1,1.0
USER-A1098,6,1,1.0
USER-A1099,6,1,2.0
USER-A11,2,1,2.0
USER-A110,5,1,1.0
USER-A1100,6,1,1.0
USER-A1101,6,1,1.0
USER-A1102,6,1,1.0
USER-A1103,6,1,1.0
USER-A1104,6,1,2.0
USER-A1105,6,1,1.0
USER-A1106,7,1,1.0
USER-A1107,7,1,1.0
USER-A1108,7,1,1.0
USER-A1109,7,1,2.0
USER-A111,5,1,1.0
USER-A1110,7,1,1.0
USER-A1111,7,1,1.0
USER-A1112,7,1,1.0
USER-A1113,7,1,1.0
USER-A1114,7,1,1.0
USER-A1115,7,1,1.0
USER-A1116,7,1,1.0
USER-A1117,6,1,1.0
USER-A1118,6,1,1.0
USER-A1119,6,1,1.0
USER-A112,5,1,1.0
USER-A1120,6,1,1.0
USER-A1121,6,1,1.0
USER-A1122,6,1,1.0
USER-A1123,6,1,1.0
USER-A1124,6,1,1.0
USER-A1125,6,1,1.0
USER-A1126,6,1,1.0
USER-A1127,6,1,1.0
USER-A1128,7,1,1.0
USER-A1129,7,1,1.0
USER-A113,5,1,1.0
USER-A1130,7,1,1.0
USER-A1131,7,1,1.0
USER-A1132,7,1,1.0
USER-A1133,7,1,1.0
USER-A1134,7,1,1.0
USER-A1135,7,1,1.0
USER-A1136,7,1,1.0
USER-A1137,7,1,1.0
USER-A1138,7,1,1.0
USER-A1139,6,1,1.0
USER-A114,5,1,1.0
USER-A1140,6,1,1.0
USER-A1141,6,1,1.0
USER-A1142,6,1,1.0
USER-A1143,6,1,1.0
USER-A1144,6,1,1.0
USER-A1145,6,1,1.0
USER-A1146,6,1,1.0
USER-A1147,6,1,1.0
USER-A1148,6,1,1.0
USER-A1149,6,1,1.0
USER-A115,5,1,1.0
USER-A1150,6,1,1.0
USER-A1151,6,1,1.0
USER-A1152,6,1,1.0
USER-A1153,7,1,3.0
USER-A1154,7,1,1.0
USER-A1155,7,1,1.0
USER-A1156,7,1,1.0
USER-A1157,7,1,1.0
USER-A1158,7,1,1.0
USER-A1159,7,1,1.0
USER-A116,5,1,1.0
USER-A1160,7,1,2.0
USER-A1161,7,1,1.0
USER-A1162,7,1,1.0
USER-A1163,7,1,1.0
USER-A1164,7,1,1.0
USER-A1165,7,1,2.0
USER-A1166,7,1,1.0
USER-A1167,7,1,1.0
USER-A1168,7,1,1.0
USER-A1169,7,1,1.0
USER-A117,2,1,2.0
USER-A1170,7,1,1.0
USER-A1171,7,1,1.0
USER-A1172,7,1,1.0
USER-A1173,7,1,2.0
USER-A1174,7,1,1.0
USER-A1175,7,1,1.0
USER-A1176,7,1,2.0
USER-A1177,6,1,2.0
USER-A1178,6,1,1.0
USER-A1179,6,1,1.0
USER-A118,6,1,1.0
USER-A1180,6,1,1.0
USER-A1181,6,1,1.0
USER-A1182,6,1,3.0
USER-A1183,6,1,1.0
USER-A1184,6,1,1.0
USER-A1185,6,1,1.0
USER-A1186,6,1,1.0
USER-A1187,6,1,1.0
USER-A1188,6,1,1.0
USER-A1189,6,1,2.0
USER-A119,6,1,2.0
USER-A1190,7,1,1.0
USER-A1191,7,1,1.0
USER-A1192,7,1,1.0
USER-A1193,7,1,1.0
USER-A1194,7,1,1.0
USER-A1195,7,1,1.0
USER-A1196,7,1,1.0
USER-A1197,7,1,1.0
USER-A1198,7,1,1.0
USER-A1199,7,1,1.0
USER-A12,2,1,1.0
USER-A120,6,1,1.0
USER-A1200,7,1,1.0
USER-A1201,7,1,1.0
USER-A121,6,1,1.0
USER-A1217,3,1,1.0
USER-A1218,3,1,1.0
USER-A1219,3,1,1.0
USER-A122,6,1,1.0
USER-A1220,3,1,1.0
USER-A1221,3,1,1.0
USER-A1222,3,1,1.0
USER-A1223,3,1,1.0
USER-A1224,3,1,1.0
USER-A1225,3,1,1.0
USER-A1226,3,1,1.0
USER-A1227,3,1,1.0
USER-A1228,3,1,1.0
USER-A1229,9,1,1.0
USER-A123,6,1,1.0
USER-A1230,9,1,1.0
USER-A1231,9,1,1.0
USER-A1232,9,1,1.0
USER-A1233,9,1,1.0
USER-A1234,9,1,1.0
USER-A1235,9,1,1.0
USER-A1236,9,1,1.0
USER-A1237,9,1,1.0
USER-A1238,9,1,1.0
USER-A1239,9,1,1.0
USER-A124,6,1,1.0
USER-A1240,9,1,1.0
USER-A1241,9,1,1.0
USER-A1242,9,1,1.0
USER-A1243,6,1,1.0
USER-A1244,6,1,1.0
USER-A1245,6,1,1.0
USER-A1246,6,1,1.0
USER-A1247,6,1,1.0
USER-A1248,6,1,1.0
USER-A1249,6,1,1.0
USER-A125,6,1,1.0
USER-A1250,6,1,1.0
USER-A1251,6,1,1.0
USER-A1252,6,1,1.0
USER-A1253,6,1,1.0
USER-A1254,6,1,1.0
USER-A1255,6,1,1.0
USER-A1256,6,1,1.0
USER-A1257,6,1,1.0
USER-A126,2,1,2.0
USER-A1264,2,1,2.0
USER-A127,6,1,1.0
USER-A1272,2,1,1.0
USER-A1273,2,1,1.0
USER-A1274,2,1,1.0
USER-A1275,2,1,1.0
USER-A1276,2,1,1.0
USER-A1277,2,1,1.0
USER-A1278,2,1,1.0
USER-A1279,2,1,1.0
USER-A128,2,1,2.0
USER-A1280,2,1,1.0
USER-A1281,2,1,1.0
USER-A1282,2,1,1.0
USER-A1283,2,1,1.0
USER-A1284,2,1,1.0
USER-A1285,2,1,1.0
USER-A1286,2,1,1.0
USER-A1287,2,1,1.0
USER-A1288,6,1,1.0
USER-A1289,2,1,2.0
USER-A129,6,1,3.0
USER-A1290,6,1,1.0
USER-A1291,6,1,1.0
USER-A1292,6,1,1.0
USER-A1293,6,1,1.0
USER-A1294,6,1,1.0
USER-A1295,6,1,1.0
USER-A1296,6,1,1.0
USER-A1297,6,1,1.0
USER-A1298,6,1,1.0
USER-A1299,6,1,1.0
USER-A13,2,1,1.0
USER-A130,6,1,3.0
USER-A1300,8,1,1.0
USER-A1301,8,1,1.0
USER-A1302,8,1,1.0
USER-A1303,8,1,1.0
USER-A1304,8,1,1.0
USER-A1305,8,1,1.0
USER-A1306,8,1,1.0
USER-A1307,8,1,1.0
USER-A1308,8,1,1.0
USER-A1309,8,1,1.0
USER-A131,6,1,1.0
USER-A1310,8,1,1.0
USER-A1311,8,1,1.0
USER-A1312,8,1,1.0
USER-A1313,3,1,1.0
USER-A1314,3,1,1.0
USER-A1315,3,1,1.0
USER-A1316,3,1,1.0
USER-A1317,3,1,1.0
USER-A1318,3,1,1.0
USER-A1319,3,1,1.0
USER-A132,6,1,1.0
USER-A1320,3,1,1.0
USER-A1321,3,1,1.0
USER-A1322,7,1,1.0
USER-A1323,7,1,1.0
USER-A1324,7,1,1.0
USER-A1325,7,1,1.0
USER-A1326,7,1,1.0
USER-A1327,7,1,1.0
USER-A1328,7,1,1.0
USER-A1329,7,1,1.0
USER-A133,6,1,1.0
USER-A1330,7,1,1.0
USER-A1331,7,1,1.0
USER-A1332,7,1,1.0
USER-A1333,7,1,1.0
USER-A1334,7,1,1.0
USER-A1335,7,1,1.0
USER-A1336,7,1,1.0
USER-A1337,7,1,1.0
USER-A1338,7,1,1.0
USER-A1339,7,1,1.0
USER-A134,6,1,1.0
USER-A1340,7,1,1.0
USER-A1341,7,1,1.0
USER-A1342,7,1,1.0
USER-A1343,7,1,1.0
USER-A1344,7,1,1.0
USER-A1345,7,1,1.0
USER-A1346,7,1,1.0
USER-A1347,7,1,1.0
USER-A1348,6,1,1.0
USER-A1349,6,1,1.0
USER-A135,6,1,1.0
USER-A1350,6,1,1.0
USER-A1351,6,1,1.0
USER-A1352,6,1,1.0
USER-A1353,6,1,1.0
USER-A1354,6,1,1.0
USER-A1355,6,1,1.0
USER-A1356,6,1,1.0
USER-A1357,6,1,1.0
USER-A1358,6,1,1.0
USER-A1359,6,1,1.0
USER-A136,6,1,2.0
USER-A1360,1,1,1.0
USER-A1361,1,1,1.0
USER-A1362,1,1,1.0
USER-A1363,1,1,1.0
USER-A1364,1,1,1.0
USER-A1365,1,1,1.0
USER-A1366,1,1,1.0
USER-A1367,1,1,1.0
USER-A1368,1,1,1.0
USER-A1369,1,1,1.0
USER-A137,6,1,1.0
USER-A1370,1,1,1.0
USER-A1371,1,1,1.0
USER-A1372,1,1,1.0
USER-A1373,9,1,1.0
USER-A1374,9,1,1.0
USER-A1375,9,1,2.0
USER-A1376,9,1,1.0
USER-A1377,9,1,1.0
USER-A1378,9,1,1.0
USER-A1379,9,1,1.0
USER-A138,6,1,1.0
USER-A1380,9,1,2.0
USER-A1381,9,1,1.0
USER-A1382,9,1,1.0
USER-A1383,9,1,1.0
USER-A1384,9,1,1.0
USER-A1385,9,1,1.0
USER-A1386,9,1,1.0
USER-A1387,9,1,1.0
USER-A1388,9,1,1.0
USER-A1389,9,1,1.0
USER-A139,6,1,1.0
USER-A1390,9,1,3.0
USER-A1391,9,1,1.0
USER-A1392,9,1,1.0
USER-A1393,9,1,1.0
USER-A1394,9,1,1.0
USER-A1395,9,1,1.0
USER-A1396,9,1,1.0
USER-A1397,9,1,1.0
USER-A1398,9,1,1.0
USER-A1399,9,1,1.0
USER-A14,2,1,1.0
USER-A140,6,1,1.0
USER-A1400,9,1,1.0
USER-A1401,9,1,1.0
USER-A1402,9,1,1.0
USER-A1403,9,1,1.0
USER-A1404,9,1,1.0
USER-A1405,9,1,1.0
USER-A1406,9,1,1.0
USER-A1407,9,1,1.0
USER-A1408,9,1,1.0
USER-A1409,9,1,1.0
USER-A141,2,1,2.0
USER-A1410,9,1,2.0
USER-A1411,9,1,1.0
USER-A1412,9,1,1.0
USER-A1413,9,1,1.0
USER-A1414,3,1,1.0
USER-A1415,3,1,1.0
USER-A1416,3,1,1.0
USER-A1417,3,1,1.0
USER-A1418,3,1,1.0
USER-A1419,3,1,1.0
USER-A142,2,1,1.0
USER-A1420,3,1,1.0
USER-A1421,3,1,1.0
USER-A1422,3,1,1.0
USER-A1423,3,1,1.0
USER-A1424,3,1,1.0
USER-A1425,0,1,1.0
USER-A1426,0,1,1.0
USER-A1427,0,1,1.0
USER-A1428,0,1,1.0
USER-A1429,0,1,1.0
USER-A143,2,1,1.0
USER-A1430,0,1,1.0
USER-A1431,0,1,1.0
USER-A1432,0,1,1.0
USER-A1433,0,1,1.0
USER-A1434,0,1,1.0
USER-A1435,0,1,1.0
USER-A1436,0,1,1.0
USER-A1437,0,1,1.0
USER-A1438,0,1,1.0
USER-A1439,0,1,1.0
USER-A144,2,1,3.0
USER-A1440,6,1,1.0
USER-A1441,6,1,2.0
USER-A1442,6,1,1.0
USER-A1443,6,1,1.0
USER-A1444,6,1,1.0
USER-A1445,6,1,1.0
USER-A1446,6,1,1.0
USER-A1447,6,1,1.0
USER-A1448,6,1,1.0
USER-A1449,6,1,1.0
USER-A145,2,1,3.0
USER-A1450,6,1,1.0
USER-A1451,6,1,2.0
USER-A1452,6,1,1.0
USER-A1453,6,1,1.0
USER-A1454,7,1,1.0
USER-A1455,7,1,1.0
USER-A1456,7,1,1.0
USER-A1457,7,1,1.0
USER-A1458,7,1,1.0
USER-A1459,7,1,1.0
USER-A146,2,1,1.0
USER-A1460,7,1,1.0
USER-A1461,7,1,1.0
USER-A1462,7,1,1.0
USER-A1463,2,1,1.0
USER-A1464,2,1,1.0
USER-A1465,2,1,1.0
USER-A1466,2,1,1.0
USER-A1467,2,1,1.0
USER-A1468,2,1,2.0
USER-A1469,2,1,1.0
USER-A147,2,1,2.0
USER-A1470,2,1,1.0
USER-A1471,2,1,1.0
USER-A1472,2,1,1.0
USER-A1473,2,1,1.0
USER-A1474,2,1,1.0
USER-A1475,8,1,1.0
USER-A1476,8,1,1.0
USER-A1477,8,1,1.0
USER-A1478,8,1,1.0
USER-A1479,8,1,1.0
USER-A148,2,1,1.0
USER-A1480,8,1,1.0
USER-A1481,8,1,1.0
USER-A1482,8,1,1.0
USER-A1483,8,1,1.0
USER-A1484,8,1,1.0
USER-A1485,8,1,1.0
USER-A1486,8,1,1.0
USER-A1487,8,1,1.0
USER-A1488,8,1,1.0
USER-A1489,8,1,1.0
USER-A149,2,1,1.0
USER-A1490,8,1,1.0
USER-A1491,8,1,3.0
USER-A1492,8,1,3.0
USER-A1493,8,1,1.0
USER-A1494,8,1,1.0
USER-A1495,8,1,1.0
USER-A1496,8,1,1.0
USER-A1497,8,1,1.0
USER-A1498,8,1,1.0
USER-A1499,8,1,1.0
USER-A15,2,1,1.0
USER-A150,2,1,1.0
USER-A1500,8,1,1.0
USER-A1501,8,1,1.0
USER-A1502,8,1,1.0
USER-A1503,9,1,1.0
USER-A1504,9,1,1.0
USER-A1505,9,1,1.0
USER-A1506,9,1,1.0
USER-A1507,9,1,1.0
USER-A1508,9,1,1.0
USER-A1509,9,1,1.0
USER-A151,2,1,1.0
USER-A1510,9,1,1.0
USER-A1511,9,1,1.0
USER-A1512,9,1,1.0
USER-A1513,9,1,1.0
USER-A1514,0,1,1.0
USER-A1515,0,1,1.0
USER-A1516,0,1,1.0
USER-A1517,0,1,1.0
USER-A1518,0,1,1.0
USER-A1519,0,1,1.0
USER-A152,2,1,1.0
USER-A1520,0,1,1.0
USER-A1521,0,1,1.0
USER-A1522,0,1,1.0
USER-A1523,0,1,1.0
USER-A1524,0,1,1.0
USER-A1525,0,1,1.0
USER-A1526,0,1,1.0
USER-A1527,0,1,1.0
USER-A1528,0,1,1.0
USER-A1529,6,1,1.0
USER-A153,2,1,1.0
USER-A1530,6,1,1.0
USER-A1531,6,1,1.0
USER-A1532,6,1,1.0
USER-A1533,6,1,1.0
USER-A1534,6,1,1.0
USER-A1535,6,1,1.0
USER-A1536,6,1,1.0
USER-A1537,6,1,1.0
USER-A1538,6,1,2.0
USER-A1539,6,1,1.0
USER-A154,2,1,1.0
USER-A1540,6,1,1.0
USER-A1541,6,1,1.0
USER-A1542,6,1,1.0
USER-A1543,6,1,1.0
USER-A1544,6,1,1.0
USER-A1545,6,1,1.0
USER-A1546,6,1,1.0
USER-A1547,6,1,1.0
USER-A1548,6,1,3.0
USER-A1549,6,1,1.0
USER-A155,2,1,3.0
USER-A1550,6,1,1.0
USER-A1551,6,1,1.0
USER-A1552,6,1,1.0
USER-A1553,6,1,1.0
USER-A1554,6,1,1.0
USER-A1555,6,1,1.0
USER-A1556,2,1,1.0
USER-A1557,2,1,1.0
USER-A1558,2,1,1.0
USER-A1559,2,1,1.0
USER-A156,2,1,1.0
USER-A1560,2,1,1.0
USER-A1561,2,1,1.0
USER-A1562,2,1,1.0
USER-A1563,2,1,1.0
USER-A1564,2,1,1.0
USER-A1565,2,1,1.0
USER-A1566,2,1,1.0
USER-A1567,6,1,1.0
USER-A1568,6,1,1.0
USER-A1569,6,1,1.0
USER-A157,2,1,2.0
USER-A1570,6,1,1.0
USER-A1571,6,1,1.0
USER-A1572,6,1,1.0
USER-A1573,6,1,1.0
USER-A1574,6,1,1.0
USER-A1575,6,1,1.0
USER-A1576,8,1,1.0
USER-A1577,8,1,1.0
USER-A1578,8,1,1.0
USER-A1579,8,1,1.0
USER-A158,2,1,1.0
USER-A1580,8,1,1.0
USER-A1581,8,1,1.0
USER-A1582,8,1,1.0
USER-A1583,8,1,1.0
USER-A1584,8,1,1.0
USER-A1585,8,1,1.0
USER-A159,2,1,1.0
USER-A16,3,0,6.0
USER-A160,2,1,1.0
USER-A161,2,1,1.0
USER-A162,2,1,1.0
USER-A163,2,1,1.0
USER-A164,2,1,2.0
USER-A165,8,1,1.0
USER-A166,8,1,1.0
USER-A167,8,1,1.0
USER-A168,8,1,1.0
USER-A169,8,1,1.0
USER-A17,2,1,2.0
USER-A170,8,1,1.0
USER-A171,8,1,1.0
USER-A172,8,0,6.0
USER-A173,8,1,1.0
USER-A174,8,1,1.0
USER-A175,8,1,1.0
USER-A176,8,1,1.0
USER-A177,8,1,1.0
USER-A178,8,1,1.0
USER-A179,6,1,1.0
USER-A18,2,1,1.0
USER-A180,6,1,2.0
USER-A181,6,1,1.0
USER-A182,2,1,2.0
USER-A183,6,1,1.0
USER-A184,6,1,1.0
USER-A185,6,1,1.0
USER-A186,6,1,1.0
USER-A187,6,1,1.0
USER-A188,6,1,1.0
USER-A189,6,1,2.0
USER-A19,2,1,3.0
USER-A190,6,1,1.0
USER-A191,2,1,1.0
USER-A192,2,1,1.0
USER-A193,2,1,1.0
USER-A194,2,1,1.0
USER-A195,2,1,1.0
USER-A196,2,1,1.0
USER-A197,2,1,1.0
USER-A198,2,1,1.0
USER-A199,2,1,1.0
USER-A2,2,1,1.0
USER-A20,2,1,1.0
USER-A200,2,1,1.0
USER-A201,2,1,1.0
USER-A202,2,1,1.0
USER-A203,2,1,1.0
USER-A204,5,1,1.0
USER-A205,5,1,1.0
USER-A206,5,1,1.0
USER-A207,5,1,1.0
USER-A208,5,1,1.0
USER-A209,5,1,1.0
USER-A21,2,1,1.0
USER-A210,5,1,1.0
USER-A211,2,1,1.0
USER-A212,2,1,1.0
USER-A213,2,1,1.0
USER-A214,2,1,1.0
USER-A215,2,1,2.0
USER-A216,2,1,1.0
USER-A217,2,1,2.0
USER-A218,2,1,1.0
USER-A219,2,1,2.0
USER-A22,2,1,1.0
USER-A220,2,1,1.0
USER-A221,2,1,1.0
USER-A222,2,1,2.0
USER-A223,2,1,1.0
USER-A228,6,1,2.0
USER-A229,6,1,3.0
USER-A23,2,1,1.0
USER-A237,7,1,1.0
USER-A238,7,1,1.0
USER-A239,7,1,1.0
USER-A24,2,1,1.0
USER-A240,7,1,1.0
USER-A241,7,1,1.0
USER-A242,7,1,1.0
USER-A243,7,1,1.0
USER-A244,7,1,1.0
USER-A245,6,1,3.0
USER-A246,6,1,1.0
USER-A247,6,1,1.0
USER-A248,6,1,1.0
USER-A249,6,1,1.0
USER-A25,2,1,1.0
USER-A250,6,1,1.0
USER-A251,6,1,1.0
USER-A252,6,1,1.0
USER-A253,6,1,1.0
USER-A254,6,1,2.0
USER-A255,6,1,2.0
USER-A256,6,1,1.0
USER-A257,6,1,1.0
USER-A258,2,1,2.0
USER-A259,2,1,1.0
USER-A26,2,1,1.0
USER-A260,7,1,3.0
USER-A261,2,1,1.0
USER-A262,2,1,1.0
USER-A263,2,1,1.0
USER-A264,2,1,1.0
USER-A265,2,1,2.0
USER-A266,2,1,1.0
USER-A267,2,1,1.0
USER-A268,2,1,1.0
USER-A269,2,1,1.0
USER-A27,2,1,3.0
USER-A270,6,1,1.0
USER-A271,6,1,2.0
USER-A272,6,1,1.0
USER-A273,6,1,1.0
USER-A274,6,1,2.0
USER-A275,6,1,1.0
USER-A276,6,1,1.0
USER-A277,6,1,2.0
USER-A278,6,1,1.0
USER-A279,6,1,1.0
USER-A28,2,1,1.0
USER-A280,6,1,2.0
USER-A281,6,1,1.0
USER-A282,6,1,3.0
USER-A283,3,0,5.0
USER-A284,2,1,1.0
USER-A285,7,1,3.0
USER-A286,2,1,1.0
USER-A287,2,1,2.0
USER-A288,2,1,1.0
USER-A289,2,1,2.0
USER-A29,2,1,1.0
USER-A290,2,1,1.0
USER-A291,2,0,5.0
USER-A292,2,1,1.0
USER-A293,2,1,1.0
USER-A294,2,1,1.0
USER-A295,2,1,1.0
USER-A296,0,1,2.0
USER-A297,8,1,2.0
USER-A298,8,1,3.0
USER-A299,2,0,7.0
USER-A3,2,1,1.0
USER-A30,2,1,1.0
USER-A300,8,1,2.0
USER-A301,8,1,3.0
USER-A302,8,1,1.0
USER-A303,8,1,1.0
USER-A304,8,1,1.0
USER-A305,8,1,2.0
USER-A306,8,1,1.0
USER-A307,8,1,1.0
USER-A308,8,1,1.0
USER-A309,8,1,3.0
USER-A31,2,1,2.0
USER-A310,8,1,1.0
USER-A311,8,1,1.0
USER-A312,9,1,1.0
USER-A313,9,1,1.0
USER-A314,9,1,1.0
USER-A315,9,1,1.0
USER-A316,9,1,1.0
USER-A317,9,1,1.0
USER-A318,9,1,1.0
USER-A319,9,1,1.0
USER-A32,2,1,1.0
USER-A320,9,1,1.0
USER-A321,9,1,1.0
USER-A322,9,1,1.0
USER-A323,9,1,1.0
USER-A324,9,1,1.0
USER-A325,9,1,1.0
USER-A326,9,1,2.0
USER-A327,2,1,1.0
USER-A328,2,1,1.0
USER-A329,2,1,1.0
USER-A33,6,1,1.0
USER-A330,2,1,1.0
USER-A331,2,1,1.0
USER-A332,2,1,1.0
USER-A333,2,1,1.0
USER-A334,2,1,1.0
USER-A335,2,1,2.0
USER-A336,2,1,1.0
USER-A337,2,1,1.0
USER-A338,2,1,1.0
USER-A339,2,1,1.0
USER-A34,6,1,1.0
USER-A340,2,1,1.0
USER-A341,2,1,1.0
USER-A342,6,1,1.0
USER-A343,6,1,1.0
USER-A344,6,1,1.0
USER-A345,6,1,1.0
USER-A346,6,1,1.0
USER-A347,6,1,1.0
USER-A348,2,1,1.0
USER-A349,2,1,1.0
USER-A35,6,1,1.0
USER-A350,2,1,1.0
USER-A351,2,1,1.0
USER-A352,2,1,1.0
USER-A353,2,1,1.0
USER-A354,2,1,1.0
USER-A355,2,1,1.0
USER-A356,2,1,1.0
USER-A357,2,1,1.0
USER-A358,2,1,1.0
USER-A359,2,1,1.0
USER-A36,6,1,1.0
USER-A360,2,1,1.0
USER-A361,2,1,1.0
USER-A362,6,1,1.0
USER-A363,6,1,2.0
USER-A364,6,1,1.0
USER-A365,6,1,1.0
USER-A366,6,1,1.0
USER-A367,6,1,1.0
USER-A368,6,1,1.0
USER-A369,6,1,1.0
USER-A37,6,1,3.0
USER-A370,6,1,1.0
USER-A371,6,1,1.0
USER-A372,6,1,1.0
USER-A373,6,1,1.0
USER-A374,2,1,3.0
USER-A375,6,1,1.0
USER-A376,6,1,1.0
USER-A377,6,1,3.0
USER-A378,6,1,1.0
USER-A379,6,1,3.0
USER-A38,6,1,1.0
USER-A380,6,1,1.0
USER-A381,6,1,1.0
USER-A382,6,1,1.0
USER-A383,6,1,1.0
USER-A384,6,1,1.0
USER-A385,6,1,4.0
USER-A386,6,1,1.0
USER-A387,6,1,2.0
USER-A388,6,1,1.0
USER-A389,6,1,1.0
USER-A39,2,1,2.0
USER-A390,2,1,2.0
USER-A391,2,1,1.0
USER-A392,2,1,1.0
USER-A393,2,1,1.0
USER-A394,2,1,1.0
USER-A395,2,1,1.0
USER-A396,2,1,1.0
USER-A397,2,1,1.0
USER-A398,2,1,1.0
USER-A399,2,1,1.0
USER-A4,2,1,2.0
USER-A40,6,1,1.0
USER-A400,2,1,1.0
USER-A401,2,1,1.0
USER-A402,6,1,2.0
USER-A41,6,1,1.0
USER-A415,3,1,3.0
USER-A416,7,1,1.0
USER-A417,7,1,3.0
USER-A418,7,1,1.0
USER-A419,7,1,2.0
USER-A42,6,1,1.0
USER-A420,7,1,2.0
USER-A421,7,1,1.0
USER-A422,7,1,1.0
USER-A423,7,1,3.0
USER-A424,2,1,2.0
USER-A425,7,1,1.0
USER-A426,7,1,1.0
USER-A427,7,1,1.0
USER-A428,2,1,2.0
USER-A429,7,1,1.0
USER-A43,6,1,1.0
USER-A430,7,1,2.0
USER-A431,7,1,3.0
USER-A432,7,1,1.0
USER-A433,7,1,1.0
USER-A434,7,1,1.0
USER-A435,7,1,1.0
USER-A436,7,1,1.0
USER-A437,7,1,1.0
USER-A438,7,1,1.0
USER-A439,7,1,1.0
USER-A44,6,1,1.0
USER-A440,7,1,1.0
USER-A441,7,1,2.0
USER-A442,2,1,2.0
USER-A443,2,1,1.0
USER-A444,2,1,2.0
USER-A445,2,1,1.0
USER-A446,2,1,1.0
USER-A447,6,1,1.0
USER-A448,6,1,1.0
USER-A449,6,1,1.0
USER-A45,6,1,2.0
USER-A450,6,1,2.0
USER-A451,6,1,1.0
USER-A452,6,1,1.0
USER-A453,6,1,1.0
USER-A454,6,1,1.0
USER-A455,6,1,1.0
USER-A456,6,1,1.0
USER-A457,6,1,1.0
USER-A458,6,1,1.0
USER-A459,6,1,1.0
USER-A46,6,1,2.0
USER-A460,7,1,1.0
USER-A461,7,1,1.0
USER-A462,7,1,1.0
USER-A463,7,1,1.0
USER-A464,7,1,1.0
USER-A465,7,1,1.0
USER-A466,7,1,1.0
USER-A467,7,1,1.0
USER-A468,7,1,1.0
USER-A469,7,1,1.0
USER-A47,6,1,1.0
USER-A470,6,1,2.0
USER-A471,7,1,1.0
USER-A472,7,1,1.0
USER-A473,2,1,2.0
USER-A474,7,1,1.0
USER-A475,7,1,1.0
USER-A476,7,1,1.0
USER-A477,7,1,1.0
USER-A478,7,1,1.0
USER-A479,7,1,1.0
USER-A48,9,1,1.0
USER-A480,2,1,1.0
USER-A481,2,1,1.0
USER-A482,0,1,2.0
USER-A483,2,1,1.0
USER-A484,2,1,1.0
USER-A485,2,1,1.0
USER-A486,2,1,1.0
USER-A487,2,1,2.0
USER-A488,2,1,1.0
USER-A489,2,1,1.0
USER-A49,9,1,1.0
USER-A490,2,1,1.0
USER-A491,2,1,1.0
USER-A492,2,1,1.0
USER-A493,2,1,2.0
USER-A494,2,1,1.0
USER-A495,2,1,1.0
USER-A496,2,1,1.0
USER-A497,2,1,1.0
USER-A498,2,1,1.0
USER-A499,2,1,1.0
USER-A5,2,1,2.0
USER-A50,9,1,1.0
USER-A500,2,1,1.0
USER-A501,2,1,1.0
USER-A502,2,1,1.0
USER-A503,2,1,2.0
USER-A504,2,1,1.0
USER-A505,2,1,3.0
USER-A506,2,1,1.0
USER-A507,2,1,1.0
USER-A508,2,1,1.0
USER-A509,2,1,1.0
USER-A51,9,1,1.0
USER-A510,2,1,1.0
USER-A511,8,1,1.0
USER-A512,8,1,1.0
USER-A513,8,1,1.0
USER-A514,8,1,1.0
USER-A515,8,1,1.0
USER-A516,2,0,6.0
USER-A517,8,1,1.0
USER-A518,8,1,1.0
USER-A519,8,1,1.0
USER-A52,9,1,1.0
USER-A520,8,1,1.0
USER-A521,8,1,1.0
USER-A522,8,1,1.0
USER-A523,8,1,1.0
USER-A524,8,1,1.0
USER-A525,2,1,2.0
USER-A526,9,1,1.0
USER-A527,9,1,1.0
USER-A528,9,1,1.0
USER-A529,9,1,1.0
USER-A53,2,1,1.0
USER-A530,9,1,1.0
USER-A531,9,1,3.0
USER-A532,9,1,1.0
USER-A533,9,1,1.0
USER-A534,9,1,1.0
USER-A535,9,1,1.0
USER-A536,9,1,1.0
USER-A537,9,1,1.0
USER-A538,9,1,1.0
USER-A539,9,1,1.0
USER-A54,2,1,1.0
USER-A540,9,1,1.0
USER-A541,9,1,1.0
USER-A542,4,1,1.0
USER-A543,4,1,1.0
USER-A544,4,1,1.0
USER-A545,4,1,1.0
USER-A546,4,1,1.0
USER-A547,4,1,1.0
USER-A548,4,1,1.0
USER-A549,4,1,1.0
USER-A55,2,1,2.0
USER-A550,4,1,1.0
USER-A551,4,1,1.0
USER-A552,4,1,1.0
USER-A553,4,1,1.0
USER-A554,4,1,1.0
USER-A555,4,1,1.0
USER-A556,4,1,1.0
USER-A557,2,1,1.0
USER-A558,2,1,1.0
USER-A559,2,1,1.0
USER-A56,2,1,1.0
USER-A560,2,1,2.0
USER-A561,2,1,1.0
USER-A562,2,1,2.0
USER-A563,2,1,1.0
USER-A564,2,1,1.0
USER-A565,2,1,1.0
USER-A566,2,1,1.0
USER-A567,2,1,1.0
USER-A568,2,1,1.0
USER-A569,7,1,2.0
USER-A57,2,1,1.0
USER-A570,7,1,1.0
USER-A571,7,1,1.0
USER-A572,7,1,1.0
USER-A573,7,1,1.0
USER-A574,7,1,1.0
USER-A575,7,1,1.0
USER-A576,7,1,1.0
USER-A577,7,1,1.0
USER-A578,7,1,1.0
USER-A579,7,1,1.0
USER-A58,2,1,1.0
USER-A580,7,1,1.0
USER-A581,6,1,1.0
USER-A582,6,1,1.0
USER-A583,6,1,1.0
USER-A584,6,1,1.0
USER-A585,6,1,1.0
USER-A586,6,1,1.0
USER-A587,6,1,1.0
USER-A588,6,1,1.0
USER-A589,6,1,1.0
USER-A59,2,1,2.0
USER-A590,6,1,1.0
USER-A591,6,1,1.0
USER-A592,6,1,1.0
USER-A593,2,1,2.0
USER-A594,7,1,1.0
USER-A595,7,1,1.0
USER-A596,7,1,1.0
USER-A597,7,1,1.0
USER-A598,7,1,1.0
USER-A599,7,1,1.0
USER-A6,2,1,3.0
USER-A60,2,1,1.0
USER-A600,7,1,1.0
USER-A601,7,1,1.0
USER-A602,7,1,1.0
USER-A603,7,1,1.0
USER-A604,7,1,1.0
USER-A605,7,1,1.0
USER-A606,7,1,1.0
USER-A607,7,1,1.0
USER-A608,3,1,1.0
USER-A609,3,1,1.0
USER-A61,2,1,2.0
USER-A610,3,1,2.0
USER-A611,3,1,2.0
USER-A612,3,1,2.0
USER-A613,3,1,2.0
USER-A614,3,1,1.0
USER-A615,3,1,1.0
USER-A616,0,1,2.0
USER-A617,3,1,1.0
USER-A618,3,1,1.0
USER-A619,3,1,1.0
USER-A62,2,1,1.0
USER-A620,3,1,1.0
USER-A621,2,1,1.0
USER-A622,2,1,1.0
USER-A623,2,1,1.0
USER-A624,2,1,1.0
USER-A625,2,1,3.0
USER-A626,2,1,3.0
USER-A627,2,1,1.0
USER-A628,2,1,1.0
USER-A629,2,1,1.0
USER-A63,2,1,1.0
USER-A630,2,1,1.0
USER-A631,2,1,1.0
USER-A632,2,1,1.0
USER-A633,2,1,1.0
USER-A634,2,1,1.0
USER-A635,2,1,1.0
USER-A636,2,1,1.0
USER-A637,2,1,1.0
USER-A638,2,1,1.0
USER-A639,2,1,3.0
USER-A64,2,1,1.0
USER-A640,2,1,1.0
USER-A641,2,1,1.0
USER-A642,2,1,1.0
USER-A643,2,1,2.0
USER-A644,2,1,1.0
USER-A645,2,1,1.0
USER-A646,2,1,1.0
USER-A647,2,1,1.0
USER-A648,2,1,1.0
USER-A649,6,1,1.0
USER-A65,2,1,1.0
USER-A650,6,1,1.0
USER-A651,6,1,1.0
USER-A652,6,1,1.0
USER-A653,6,1,1.0
USER-A654,6,1,1.0
USER-A655,6,1,1.0
USER-A656,6,1,1.0
USER-A657,6,1,1.0
USER-A658,6,1,1.0
USER-A659,6,1,1.0
USER-A66,2,1,1.0
USER-A660,6,1,1.0
USER-A661,6,1,1.0
USER-A662,9,1,1.0
USER-A663,9,1,1.0
USER-A664,9,1,1.0
USER-A665,9,1,1.0
USER-A666,9,1,2.0
USER-A667,9,1,1.0
USER-A668,9,1,1.0
USER-A669,9,1,1.0
USER-A67,2,1,1.0
USER-A670,9,1,1.0
USER-A671,9,1,1.0
USER-A672,9,1,1.0
USER-A673,9,1,1.0
USER-A674,9,1,1.0
USER-A675,9,1,1.0
USER-A676,9,1,1.0
USER-A677,9,1,1.0
USER-A678,9,1,1.0
USER-A679,9,1,1.0
USER-A68,2,1,1.0
USER-A680,9,1,1.0
USER-A681,9,1,1.0
USER-A682,9,1,1.0
USER-A683,9,1,1.0
USER-A684,9,1,1.0
USER-A685,9,1,1.0
USER-A686,9,1,1.0
USER-A687,3,1,2.0
USER-A688,9,1,1.0
USER-A689,9,1,1.0
USER-A69,2,1,2.0
USER-A690,9,1,1.0
USER-A691,9,1,2.0
USER-A692,9,1,1.0
USER-A693,9,1,1.0
USER-A694,9,1,1.0
USER-A695,9,1,1.0
USER-A696,9,1,1.0
USER-A697,9,1,1.0
USER-A698,9,1,1.0
USER-A699,9,1,1.0
USER-A7,2,1,2.0
USER-A70,2,0,5.0
USER-A700,9,1,1.0
USER-A701,9,1,1.0
USER-A702,9,1,2.0
USER-A703,2,1,1.0
USER-A704,2,1,1.0
USER-A705,2,1,1.0
USER-A706,2,1,1.0
USER-A707,2,1,1.0
USER-A708,2,1,1.0
USER-A709,2,1,1.0
USER-A71,2,1,2.0
USER-A710,2,1,1.0
USER-A711,2,1,1.0
USER-A712,2,1,1.0
USER-A713,2,1,1.0
USER-A714,2,1,1.0
USER-A715,2,1,1.0
USER-A72,2,1,1.0
USER-A720,3,1,2.0
USER-A73,2,1,1.0
USER-A739,2,1,3.0
USER-A74,2,1,3.0
USER-A742,2,1,1.0
USER-A743,2,1,1.0
USER-A744,2,1,1.0
USER-A745,2,1,1.0
USER-A746,2,1,1.0
USER-A747,2,1,1.0
USER-A748,2,1,1.0
USER-A749,2,1,1.0
USER-A75,2,1,1.0
USER-A750,2,1,1.0
USER-A751,2,1,1.0
USER-A752,2,1,1.0
USER-A753,2,1,1.0
USER-A76,2,1,1.0
USER-A763,8,1,2.0
USER-A768,7,1,1.0
USER-A769,7,1,2.0
USER-A77,2,1,1.0
USER-A770,7,1,2.0
USER-A771,7,1,1.0
USER-A772,7,1,1.0
USER-A773,7,1,1.0
USER-A774,7,1,1.0
USER-A775,7,1,1.0
USER-A776,7,1,1.0
USER-A777,7,1,2.0
USER-A778,7,1,1.0
USER-A779,7,1,2.0
USER-A78,2,1,1.0
USER-A780,7,1,1.0
USER-A781,7,1,1.0
USER-A782,7,1,2.0
USER-A783,7,1,1.0
USER-A784,7,1,3.0
USER-A785,7,1,1.0
USER-A786,7,1,1.0
USER-A787,7,1,2.0
USER-A788,7,1,1.0
USER-A789,7,1,2.0
USER-A79,2,1,1.0
USER-A790,7,1,1.0
USER-A791,7,1,1.0
USER-A792,7,1,2.0
USER-A793,7,1,1.0
USER-A794,7,1,1.0
USER-A795,7,1,2.0
USER-A796,7,1,1.0
USER-A797,7,1,1.0
USER-A798,7,1,1.0
USER-A799,7,1,1.0
USER-A8,2,1,1.0
USER-A80,2,1,1.0
USER-A800,7,1,1.0
USER-A801,7,1,1.0
USER-A802,7,1,1.0
USER-A803,7,1,1.0
USER-A804,7,1,1.0
USER-A805,7,1,1.0
USER-A806,7,1,1.0
USER-A807,7,1,1.0
USER-A808,7,1,1.0
USER-A809,6,1,1.0
USER-A81,2,1,4.0
USER-A810,6,1,1.0
USER-A811,6,1,1.0
USER-A812,6,1,1.0
USER-A813,6,1,1.0
USER-A814,6,1,1.0
USER-A815,6,1,1.0
USER-A816,6,1,1.0
USER-A817,6,1,2.0
USER-A818,6,1,1.0
USER-A819,6,1,1.0
USER-A82,2,1,1.0
USER-A820,6,1,1.0
USER-A821,6,1,1.0
USER-A822,7,1,1.0
USER-A823,7,1,1.0
USER-A824,7,1,1.0
USER-A825,7,1,1.0
USER-A826,7,1,1.0
USER-A827,7,1,3.0
USER-A828,7,1,1.0
USER-A829,7,1,1.0
USER-A83,7,1,1.0
USER-A830,7,1,1.0
USER-A831,7,1,1.0
USER-A832,7,1,2.0
USER-A833,7,1,1.0
USER-A834,7,1,2.0
USER-A835,7,1,1.0
USER-A836,7,1,1.0
USER-A837,7,1,1.0
USER-A838,7,1,1.0
USER-A839,7,1,1.0
USER-A84,7,1,1.0
USER-A840,7,1,1.0
USER-A841,7,1,1.0
USER-A842,7,1,2.0
USER-A843,7,1,1.0
USER-A844,7,1,1.0
USER-A845,7,1,1.0
USER-A846,7,1,1.0
USER-A847,7,1,2.0
USER-A848,7,1,1.0
USER-A849,7,1,1.0
USER-A85,7,1,1.0
USER-A850,7,1,1.0
USER-A851,3,1,1.0
USER-A852,3,1,1.0
USER-A853,3,1,1.0
USER-A854,3,1,1.0
USER-A855,3,1,1.0
USER-A856,3,1,1.0
USER-A857,3,1,1.0
USER-A858,3,1,1.0
USER-A859,3,1,1.0
USER-A86,7,1,1.0
USER-A860,3,1,2.0
USER-A861,3,1,1.0
USER-A862,3,1,1.0
USER-A863,3,1,1.0
USER-A864,2,1,1.0
USER-A865,2,1,1.0
USER-A866,2,1,1.0
USER-A867,2,1,1.0
USER-A868,2,1,1.0
USER-A869,2,1,1.0
USER-A87,7,1,1.0
USER-A870,2,1,1.0
USER-A871,2,1,1.0
USER-A872,2,1,1.0
USER-A873,2,1,1.0
USER-A874,2,1,1.0
USER-A875,2,1,1.0
USER-A876,2,1,1.0
USER-A877,2,1,2.0
USER-A878,2,1,1.0
USER-A879,8,1,1.0
USER-A88,7,1,1.0
USER-A880,8,1,1.0
USER-A881,8,1,1.0
USER-A882,8,1,1.0
USER-A883,8,1,3.0
USER-A884,8,1,1.0
USER-A885,8,1,1.0
USER-A886,8,1,1.0
USER-A887,8,1,1.0
USER-A888,8,1,1.0
USER-A889,8,1,1.0
USER-A89,2,1,1.0
USER-A890,8,1,1.0
USER-A891,8,1,1.0
USER-A892,8,1,1.0
USER-A893,8,1,1.0
USER-A894,8,1,1.0
USER-A895,8,1,1.0
USER-A896,8,1,1.0
USER-A897,8,1,1.0
USER-A898,8,1,1.0
USER-A899,8,1,1.0
USER-A9,2,1,1.0
USER-A90,2,0,5.0
USER-A900,8,1,1.0
USER-A901,8,1,1.0
USER-A902,8,1,1.0
USER-A903,8,1,1.0
USER-A904,1,1,1.0
USER-A905,1,1,1.0
USER-A906,1,1,1.0
USER-A907,1,1,1.0
USER-A908,1,1,1.0
USER-A909,1,1,1.0
USER-A91,6,1,3.0
USER-A910,1,1,1.0
USER-A911,1,1,1.0
USER-A912,1,1,1.0
USER-A913,1,1,1.0
USER-A914,1,1,1.0
USER-A915,1,1,1.0
USER-A916,1,1,1.0
USER-A917,1,1,1.0
USER-A918,1,1,1.0
USER-A919,9,1,1.0
USER-A92,2,1,4.0
USER-A920,9,1,1.0
USER-A921,9,1,1.0
USER-A922,9,1,1.0
USER-A923,9,1,1.0
USER-A924,9,1,1.0
USER-A925,9,1,1.0
USER-A926,9,1,1.0
USER-A927,9,1,1.0
USER-A928,9,1,1.0
USER-A929,9,1,1.0
USER-A93,2,1,1.0
USER-A930,9,1,1.0
USER-A931,9,1,1.0
USER-A932,9,1,1.0
USER-A933,9,1,1.0
USER-A934,2,1,1.0
USER-A935,2,1,1.0
USER-A936,2,1,1.0
USER-A937,2,1,2.0
USER-A938,2,1,1.0
USER-A939,2,1,1.0
USER-A94,2,1,2.0
USER-A940,2,1,1.0
USER-A941,2,1,1.0
USER-A942,2,1,1.0
USER-A943,2,1,1.0
USER-A944,2,1,1.0
USER-A945,2,1,1.0
USER-A946,2,1,1.0
USER-A947,0,1,1.0
USER-A948,0,1,1.0
USER-A949,0,2,4.0
USER-A95,2,1,1.0
USER-A950,0,1,1.0
USER-A951,0,1,2.0
USER-A952,0,1,3.0
USER-A953,0,1,1.0
USER-A954,0,1,1.0
USER-A955,0,1,1.0
USER-A956,0,1,1.0
USER-A957,0,1,1.0
USER-A958,0,1,2.0
USER-A959,9,1,1.0
USER-A96,2,1,1.0
USER-A960,9,1,1.0
USER-A961,9,1,1.0
USER-A962,9,1,1.0
USER-A963,9,1,1.0
USER-A964,9,1,1.0
USER-A965,9,1,1.0
USER-A966,9,1,1.0
USER-A967,9,1,1.0
USER-A968,9,1,1.0
USER-A969,9,1,1.0
USER-A97,2,1,1.0
USER-A970,9,1,1.0
USER-A971,9,1,1.0
USER-A972,6,1,1.0
USER-A973,6,1,1.0
USER-A974,6,1,1.0
USER-A975,6,1,2.0
USER-A976,6,1,3.0
USER-A977,6,1,1.0
USER-A978,6,1,2.0
USER-A979,6,1,1.0
USER-A98,2,1,2.0
USER-A980,6,1,1.0
USER-A981,6,1,1.0
USER-A982,6,1,1.0
USER-A983,6,1,2.0
USER-A984,6,1,1.0
USER-A985,6,1,1.0
USER-A986,6,1,1.0
USER-A987,6,1,1.0
USER-A988,6,1,1.0
USER-A989,6,1,1.0
USER-A99,2,1,1.0
USER-A990,6,1,2.0
USER-A991,6,1,2.0
USER-A992,6,1,1.0
USER-A993,6,1,1.0
USER-A994,6,1,1.0
USER-A995,6,1,1.0
USER-A996,2,1,1.0
USER-A997,2,1,1.0
USER-A998,2,1,1.0
USER-A999,2,1,1.0
USER-H1,6,1,1.0
USER-H10,6,1,1.0
USER-H100,6,1,1.0
USER-H101,6,1,1.0
USER-H102,6,1,1.0
USER-H103,6,1,1.0
USER-H104,6,1,1.0
USER-H105,6,1,1.0
USER-H106,6,1,1.0
USER-H107,6,1,1.0
USER-H108,6,1,1.0
USER-H109,6,1,1.0
USER-H11,6,1,1.0
USER-H110,6,1,1.0
USER-H111,6,1,1.0
USER-H112,6,1,1.0
USER-H113,6,1,1.0
USER-H114,6,1,1.0
USER-H115,6,1,1.0
USER-H116,6,1,1.0
USER-H117,6,1,1.0
USER-H118,6,1,1.0
USER-H119,6,1,1.0
USER-H12,6,1,1.0
USER-H120,6,1,1.0
USER-H121,6,1,1.0
USER-H122,6,1,1.0
USER-H123,6,1,1.0
USER-H124,6,1,1.0
USER-H125,6,1,1.0
USER-H126,6,1,1.0
USER-H127,6,1,1.0
USER-H128,6,1,1.0
USER-H129,6,1,1.0
USER-H13,6,1,1.0
USER-H130,6,1,1.0
USER-H131,6,1,1.0
USER-H132,6,1,1.0
USER-H133,6,1,1.0
USER-H134,6,1,1.0
USER-H135,6,1,1.0
USER-H136,6,1,1.0
USER-H137,6,1,1.0
USER-H138,6,1,1.0
USER-H139,6,1,1.0
USER-H14,6,1,1.0
USER-H140,2,1,1.0
USER-H141,2,1,1.0
USER-H142,2,1,1.0
USER-H143,2,1,1.0
USER-H144,2,1,1.0
USER-H145,2,1,1.0
USER-H146,2,1,1.0
USER-H147,2,1,1.0
USER-H148,2,1,1.0
USER-H149,2,1,1.0
USER-H15,6,1,1.0
USER-H150,2,1,1.0
USER-H151,2,1,1.0
USER-H152,2,1,1.0
USER-H153,2,1,1.0
USER-H154,2,1,1.0
USER-H155,6,1,1.0
USER-H156,6,1,1.0
USER-H157,6,1,1.0
USER-H158,6,1,1.0
USER-H159,6,1,1.0
USER-H16,6,1,1.0
USER-H160,6,1,1.0
USER-H161,6,1,1.0
USER-H162,6,1,1.0
USER-H163,6,1,1.0
USER-H164,6,1,1.0
USER-H165,6,1,1.0
USER-H166,6,1,1.0
USER-H167,6,1,1.0
USER-H168,6,1,1.0
USER-H169,6,1,1.0
USER-H17,6,1,1.0
USER-H170,6,1,1.0
USER-H171,6,1,1.0
USER-H172,6,1,1.0
USER-H173,6,1,1.0
USER-H174,6,1,1.0
USER-H175,6,1,1.0
USER-H176,6,1,1.0
USER-H177,6,1,1.0
USER-H178,6,1,1.0
USER-H179,6,1,1.0
USER-H18,6,1,1.0
USER-H180,6,1,1.0
USER-H181,6,1,1.0
USER-H182,6,1,1.0
USER-H183,6,1,1.0
USER-H184,6,1,1.0
USER-H185,6,1,1.0
USER-H186,6,1,1.0
USER-H187,6,1,1.0
USER-H188,6,1,1.0
USER-H189,6,1,1.0
USER-H19,6,1,1.0
USER-H190,6,1,1.0
USER-H191,6,1,1.0
USER-H192,6,1,1.0
USER-H193,6,1,1.0
USER-H194,6,1,1.0
USER-H195,6,1,1.0
USER-H196,6,1,1.0
USER-H197,6,1,1.0
USER-H198,6,1,1.0
USER-H199,6,1,1.0
USER-H2,6,1,1.0
USER-H20,6,1,1.0
USER-H200,2,1,1.0
USER-H201,2,1,1.0
USER-H202,2,1,1.0
USER-H203,2,1,1.0
USER-H204,2,1,1.0
USER-H205,2,1,1.0
USER-H206,2,1,1.0
USER-H207,2,1,1.0
USER-H208,2,1,1.0
USER-H209,2,1,1.0
USER-H21,6,1,1.0
USER-H210,2,1,1.0
USER-H211,6,1,1.0
USER-H212,6,1,1.0
USER-H213,6,1,1.0
USER-H214,6,1,1.0
USER-H215,6,1,1.0
USER-H216,6,1,1.0
USER-H217,6,1,1.0
USER-H218,6,1,1.0
USER-H219,6,1,1.0
USER-H22,6,1,1.0
USER-H220,6,1,1.0
USER-H221,6,1,1.0
USER-H222,6,1,1.0
USER-H223,6,1,1.0
USER-H224,6,1,1.0
USER-H225,6,1,1.0
USER-H226,2,1,1.0
USER-H227,2,1,1.0
USER-H228,2,1,1.0
USER-H229,2,1,1.0
USER-H23,6,1,1.0
USER-H230,2,1,1.0
USER-H231,2,1,1.0
USER-H232,2,1,1.0
USER-H233,2,1,1.0
USER-H234,2,1,1.0
USER-H235,2,1,1.0
USER-H236,2,1,1.0
USER-H237,2,1,1.0
USER-H238,2,1,1.0
USER-H239,2,1,1.0
USER-H24,6,1,1.0
USER-H240,2,1,1.0
USER-H241,2,1,1.0
USER-H242,2,1,1.0
USER-H243,2,1,1.0
USER-H244,2,1,1.0
USER-H245,2,1,1.0
USER-H246,2,1,1.0
USER-H247,2,1,1.0
USER-H248,2,1,1.0
USER-H249,2,1,1.0
USER-H25,6,1,1.0
USER-H250,2,1,1.0
USER-H251,2,1,1.0
USER-H252,2,1,1.0
USER-H253,2,1,1.0
USER-H254,2,1,1.0
USER-H255,6,1,1.0
USER-H256,6,1,1.0
USER-H257,6,1,1.0
USER-H258,6,1,1.0
USER-H259,6,1,1.0
USER-H26,6,1,1.0
USER-H260,6,1,1.0
USER-H261,6,1,1.0
USER-H262,6,1,1.0
USER-H263,6,1,1.0
USER-H264,6,1,1.0
USER-H265,6,1,1.0
USER-H266,6,1,1.0
USER-H267,6,1,1.0
USER-H268,6,1,1.0
USER-H269,6,1,1.0
USER-H27,6,1,1.0
USER-H270,6,1,1.0
USER-H271,6,1,1.0
USER-H272,6,1,1.0
USER-H273,6,1,1.0
USER-H274,6,1,1.0
USER-H275,6,1,1.0
USER-H276,6,1,1.0
USER-H277,6,1,1.0
USER-H278,6,1,1.0
USER-H279,6,1,1.0
USER-H28,6,1,1.0
USER-H280,6,1,1.0
USER-H281,6,1,1.0
USER-H282,6,1,1.0
USER-H283,6,1,1.0
USER-H284,6,1,1.0
USER-H285,6,1,1.0
USER-H286,6,1,1.0
USER-H287,6,1,1.0
USER-H288,6,1,1.0
USER-H289,6,1,1.0
USER-H29,6,1,1.0
USER-H290,6,1,1.0
USER-H291,6,1,1.0
USER-H292,6,1,1.0
USER-H293,6,1,1.0
USER-H294,6,1,1.0
USER-H295,6,1,1.0
USER-H296,6,1,1.0
USER-H297,6,1,1.0
USER-H298,6,1,1.0
USER-H299,6,1,1.0
USER-H3,6,1,1.0
USER-H30,6,1,1.0
USER-H300,2,1,1.0
USER-H301,2,1,1.0
USER-H302,2,1,1.0
USER-H303,2,1,1.0
USER-H304,2,1,1.0
USER-H305,2,1,1.0
USER-H306,2,1,1.0
USER-H307,2,1,1.0
USER-H308,2,1,1.0
USER-H309,2,1,1.0
USER-H31,6,1,1.0
USER-H310,2,1,1.0
USER-H311,2,1,1.0
USER-H312,2,1,1.0
USER-H313,2,1,1.0
USER-H314,2,1,1.0
USER-H315,6,1,1.0
USER-H316,6,1,1.0
USER-H317,6,1,1.0
USER-H318,6,1,1.0
USER-H319,6,1,1.0
USER-H32,6,1,1.0
USER-H320,6,1,1.0
USER-H321,6,1,1.0
USER-H322,6,1,1.0
USER-H323,6,1,1.0
USER-H324,6,1,1.0
USER-H325,6,1,1.0
USER-H326,6,1,1.0
USER-H327,6,1,1.0
USER-H328,6,1,1.0
USER-H329,6,1,1.0
USER-H33,6,1,1.0
USER-H330,6,1,1.0
USER-H331,2,1,1.0
USER-H332,2,1,1.0
USER-H333,2,1,1.0
USER-H334,2,1,1.0
USER-H335,2,1,1.0
USER-H336,2,1,1.0
USER-H337,2,1,1.0
USER-H338,2,1,1.0
USER-H339,2,1,1.0
USER-H34,6,1,1.0
USER-H340,2,1,2.0
USER-H341,2,1,1.0
USER-H342,2,1,1.0
USER-H343,2,1,1.0
USER-H35,6,1,1.0
USER-H36,6,1,4.0
USER-H37,6,1,1.0
USER-H38,6,1,1.0
USER-H39,6,1,1.0
USER-H4,6,1,1.0
USER-H40,6,1,1.0
USER-H41,6,1,1.0
USER-H42,6,1,1.0
USER-H43,6,1,1.0
USER-H44,6,1,1.0
USER-H45,6,1,1.0
USER-H46,6,1,1.0
USER-H47,6,1,1.0
USER-H48,6,1,1.0
USER-H49,6,1,1.0
USER-H5,6,1,1.0
USER-H50,6,1,1.0
USER-H51,6,1,1.0
USER-H52,6,1,1.0
USER-H53,6,1,1.0
USER-H54,6,1,1.0
USER-H55,6,1,1.0
USER-H56,6,1,1.0
USER-H57,6,1,1.0
USER-H58,6,1,1.0
USER-H59,6,1,1.0
USER-H6,6,1,1.0
USER-H60,6,1,1.0
USER-H61,6,1,1.0
USER-H62,2,1,2.0
USER-H63,6,1,1.0
USER-H64,6,1,1.0
USER-H65,6,1,1.0
USER-H66,6,1,1.0
USER-H67,6,1,1.0
USER-H68,6,1,1.0
USER-H69,6,1,1.0
USER-H7,6,1,1.0
USER-H70,6,1,1.0
USER-H71,6,1,1.0
USER-H72,6,1,1.0
USER-H73,6,1,1.0
USER-H74,6,1,1.0
USER-H75,6,1,1.0
USER-H76,6,1,1.0
USER-H77,6,1,1.0
USER-H78,6,1,1.0
USER-H79,6,1,1.0
USER-H8,6,1,1.0
USER-H80,6,1,1.0
USER-H81,6,1,1.0
USER-H82,6,1,1.0
USER-H83,6,1,1.0
USER-H84,6,1,1.0
USER-H85,6,1,1.0
USER-H86,6,1,1.0
USER-H87,2,1,2.0
USER-H88,6,1,1.0
USER-H89,6,1,1.0
USER-H9,6,1,1.0
USER-H90,6,1,1.0
USER-H91,2,1,2.0
USER-H92,6,1,1.0
USER-H93,6,1,1.0
USER-H94,6,1,1.0
USER-H95,6,1,1.0
USER-H96,6,1,1.0
USER-H97,6,1,1.0
USER-H98,6,1,1.0
USER-H99,6,1,1.0
